iter	MultiClass
0	0.3951064956
1	0.2198438715
2	0.1136369578
3	0.0757520722
4	0.04046781924
5	0.02424735861
6	0.01768349031
7	0.01294296157
8	0.01076118067
9	0.009539632751
10	0.008612818629
11	0.00719952008
12	0.005871826153
13	0.005346731318
14	0.004890946737
15	0.004608006245
16	0.004310946146
17	0.003864774713
18	0.003575219134
19	0.003346871378
